{"cameraMode":{"drawMode":0,"name":"Shaded","section":"Shading Mode"},"sceneLighting":true,"audioPlay":false,"sceneViewState":{"m_AlwaysRefresh":false,"showFog":true,"showSkybox":true,"showFlares":true,"showImageEffects":true,"showParticleSystems":true,"showVisualEffectGraphs":true,"m_FxEnabled":true},"in2DMode":false,"pivot":{"x":-10.764630317687989,"y":-5.324461460113525,"z":24.268077850341798},"rotation":{"x":-0.21734338998794557,"y":0.04302651062607765,"z":-0.00959089957177639,"w":-0.9750959873199463},"size":8.908829689025879,"orthographic":false}